dAE,mB mean [gDW/m^2],stdev
11,0.3648,0.08969
20,2.328,0.54396
25,11.8192,2.87203
30,20.08,7.560127
35,34.9824,7.700878
40,40.0016,14.83429
