dAE,mB mean [gDW/m^2],stdev
11,0.40768,0.118127
20,5.296,1.805828
25,21.6112,4.746702
30,49.3264,8.657345
35,94.104,9.57028
40,87.3392,22.355937
