dAE,mB mean [gDW/m^2],stdev
11,0.39872,0.103831
20,9.312,1.531935
25,32.4608,4.354371
30,47.6384,8.863332
35,58.2,5.512743
40,56.056,11.452753
